0,sigma1,sigma2,sigma3,sigma4,vix
20190102,0.239625506,0.200703865,0.203941408,0.185118702,22.17971578
20190103,0.23700557,0.201784996,0.201218781,0.182597702,21.92634241
20190104,0.228230539,0.200081048,0.19887637,0.179332269,21.27639569
20190107,0.242355552,0.204177549,0.200519023,0.179132318,21.71261129
20190108,0.233465994,0.196247012,0.194715035,0.175459809,20.75631364
20190109,0.214614075,0.181266159,0.18948228,0.172115738,19.0267894
20190110,0.211418629,0.181435036,0.184437791,0.167481954,18.85304836
20190111,0.203247155,0.178544432,0.181781447,0.166822229,18.36041376
20190114,0.221955477,0.180398029,0.182183367,0.16604023,18.58761498
20190115,0.219988648,0.172746085,0.174294299,0.160623632,17.79857272
20190116,0.209801523,0.162607535,0.168615684,0.157210851,16.68749465
20190117,0.170817362,0.173171337,0.159983663,,16.8662125
20190118,0.174177227,0.179932777,0.159278605,,16.93747841
20190121,0.188068234,0.183168175,0.165833617,,19.066986
20190122,0.175012301,0.183322618,0.167133806,,17.10789012
20190123,0.169016371,0.177457188,0.166200858,,16.57402754
20190124,0.153659066,0.166640549,0.15998571,0.142913035,14.96112271
20190125,0.149752953,0.158920166,0.152537486,0.138155999,14.76803388
20190128,0.164447799,0.170243662,0.157337094,0.147612156,16.4447799
20190129,0.177416759,0.179191473,0.160948488,0.144913105,17.75377469
20190130,0.1835981,0.184323262,0.16497268,0.152690077,18.36949533
20190131,0.178809099,0.183327613,0.162453842,0.145976108,17.97056311
20190201,0.182012516,0.186458268,0.162266256,0.137056393,18.31660158
20190211,0.193895256,0.181546274,0.155222979,0.142983306,18.49199878
20190212,0.190895543,0.176241305,0.153084591,0.140333048,17.97496921
20190213,0.208614178,0.183943372,0.153199432,0.136479364,18.91351538
20190214,0.224678556,0.199265799,0.163644341,0.147915894,20.38159341
20190215,0.206546218,0.197002333,0.171740567,0.154422376,19.83938566
20190218,0.233535572,0.206025423,0.170392631,0.147000587,20.82148029
20190219,0.244737822,0.215782029,0.17619905,0.149456384,21.75404971
20190220,0.254303998,0.221485052,0.179579444,0.152233841,22.29489829
20190221,0.221462483,0.183329775,0.163388468,,22.77558021
20190222,0.219102044,0.174540383,0.15516316,,22.44904383
20190225,0.231746983,0.162235847,0.134483385,,23.17469829
20190226,0.285259158,0.213989467,0.182630879,,28.25044674
20190227,0.289759166,0.211655183,0.181263937,,28.38066438
20190228,0.277634416,0.239142542,0.20233667,0.174859332,27.05061333
20190301,0.274222226,0.223732042,0.198410537,0.160354828,26.21694002
20190304,0.304317829,0.2520221,0.201698945,0.162523852,28.32742579
20190305,0.311355228,0.26060289,0.20862587,0.167370524,28.83038674
20190306,0.327446763,0.271034349,0.215633876,0.170408907,29.91595834
20190307,0.347952783,0.287448147,0.228577806,0.181672456,31.48058736
20190308,0.343566369,0.279445365,0.231521692,0.193309055,30.56971085
20190311,0.327597734,0.270508762,0.216443477,0.183300618,28.68456022
20190312,0.332107065,0.272075954,0.217504948,0.185429009,28.71325386
20190313,0.327093496,0.276233501,0.219919554,0.188018573,28.71271296
20190314,0.308683742,0.269700981,0.217429638,0.187319803,27.67254657
20190315,0.287535127,0.257754124,0.215700415,0.188740624,26.22157179
20190318,0.321119847,0.260661516,0.212507376,0.174322239,26.56735604
20190319,0.332031106,0.274929597,0.224483683,0.18603664,27.85080998
20190320,0.331080396,0.276648112,0.213576293,0.184051994,27.91281306
20190321,0.284891652,0.228449013,0.185837509,,29.51464335
20190322,0.281156191,0.226827434,0.185365824,,28.85380936
20190325,0.265180334,0.217455169,0.190831954,,26.51803339
20190326,0.250619864,0.213025978,0.186688455,,24.89213923
20190327,0.242611233,0.207486653,0.184149491,,23.94531567
20190328,0.234626171,0.208829253,0.203646261,0.181672831,22.97875971
20190329,0.246593621,0.19722457,0.20426182,0.178758619,23.48918622
20190401,0.26595015,0.222454052,0.203190419,0.163511087,24.83966979
20190402,0.293758911,0.25034871,0.228086341,0.188769201,27.39466446
20190403,0.290803392,0.252461029,0.220220523,0.190273358,27.13500338
20190404,0.299907126,0.267594425,0.243711484,0.201129467,28.18966267
20190408,0.329761028,0.287365008,0.259742495,0.216581921,29.92584686
20190409,0.310302845,0.277039263,0.243830902,0.212385091,28.51072639
20190410,0.320179168,0.281979726,0.249266478,0.214883165,29.00224003
20190411,0.313429453,0.278915671,0.252391877,0.218863119,28.50864973
20190412,0.283093096,0.260262359,0.24033992,0.21147698,26.36449651
20190415,0.299908358,0.261643981,0.242903438,0.212262349,26.4705745
20190416,0.298146511,0.261111466,0.240954338,0.202902242,26.33680863
20190417,0.301001888,0.273167638,0.251215134,0.213035378,27.43837782
20190418,0.272985213,0.250727298,0.220236761,,27.85408154
20190419,0.269189671,0.250516035,0.214160014,,27.26693645
20190422,0.28231283,0.255350459,0.221251078,,28.23128298
20190423,0.266086544,0.246822804,0.216555001,,26.49524595
20190424,0.261445246,0.242881348,0.215605587,,25.92877637
20190425,0.259492149,0.239855208,0.209358703,0.185448795,25.61233564
20190426,0.251490331,0.233401891,0.205532233,0.188244557,24.74049038
20190429,0.248073408,0.231882377,0.204611823,0.181180388,24.1941392
20190430,0.251290543,0.234911032,0.203358078,0.180617837,24.43120891
20190506,0.295650894,0.244751429,0.207620104,0.179232359,26.21168488
20190507,0.25970848,0.22912041,0.199220839,0.183233332,23.82609017
20190508,0.273241576,0.2317781,0.19568121,0.180233023,24.29523718
20190509,0.282602904,0.245814351,0.199917182,0.176819664,25.44739131
20190510,0.302969175,0.246423797,0.205052877,0.185077232,25.83801392
20190513,0.293972154,0.242534344,0.200892215,0.180376616,24.92679571
20190514,0.277859256,0.237066551,0.197837904,0.178607833,24.14147188
20190515,0.250937991,0.223880667,0.194911543,0.178297378,22.61644071
20190516,0.2179159,0.190443557,0.1758932,,23.12015358
20190517,0.214825317,0.185344485,0.169757326,,22.76201016
20190520,0.211402879,0.180695917,0.162469887,,22.05511742
20190521,0.205916444,0.178831984,0.164011348,,21.28619687
20190522,0.198626126,0.175731981,0.159784221,,20.35440264
20190523,0.204643349,0.195158457,0.17955879,0.161468833,20.73607138
20190524,0.20560431,0.19735018,0.180313317,0.162652453,20.73589485
20190527,0.216588317,0.201795773,0.186818994,0.167396825,21.65883166
20190528,0.209841007,0.196544218,0.183962864,0.165776203,20.89654856
20190529,0.202790344,0.195394745,0.180010308,0.165627837,20.18199226
20190530,0.207016114,0.20003223,0.184179958,0.167251538,20.56629977
20190531,0.216525269,0.207082997,0.180931563,0.168157933,21.41370259
20190603,0.223199586,0.211012027,0.191592004,0.172911238,21.81031036
20190604,0.231082939,0.21585722,0.19495142,0.17289331,22.39617277
20190605,0.226471335,0.215701635,0.194480868,0.173609615,22.08827264
20190606,0.22913391,0.215712458,0.194538707,0.17385922,22.15640847
20190610,0.220976897,0.208825767,0.191295607,0.171657936,21.21341347
20190611,0.211800859,0.195965743,0.192975946,0.175645856,19.97536638
20190612,0.212913878,0.203426273,0.194671147,0.177380677,20.53588633
20190613,0.205676802,0.201258214,0.192094013,0.177462467,20.20172518
20190614,0.202273145,0.201509874,0.192796661,0.178276433,20.16190895
20190617,0.208363764,0.201138658,0.190323472,0.176228584,20.16895192
20190618,0.202102291,0.194932461,0.186619836,0.174040844,19.53492549
20190619,0.196032755,0.182932067,0.185332759,0.17375639,18.34966038
20190620,0.2152911,0.205271734,0.18072741,,21.72908362
20190621,0.243492829,0.213245753,0.186874903,,24.77779276
20190624,0.254169329,0.220902524,0.191093036,,25.41693293
20190625,0.252805105,0.223166952,0.200583949,,25.14433026
20190626,0.253307603,0.222341912,0.199730474,,25.04923379
20190627,0.262783287,0.233721391,0.225721558,0.19522418,25.78739933
20190628,0.274703641,0.242349596,0.227435022,0.195730875,26.75343797
20190701,0.253334081,0.231240105,0.226287984,0.18879536,24.50274221
20190702,0.24730941,0.230453951,0.221991163,0.194527071,24.01347037
20190703,0.236681695,0.222070823,0.21535398,0.197311445,22.97844492
20190704,0.234672713,0.216423083,0.210518059,0.193670964,22.52978217
20190705,0.241137253,0.226227664,0.217401638,0.19834598,23.2820003
20190708,0.235252597,0.218327001,0.210698152,0.190940681,22.38824534
20190709,0.22707661,0.20874607,0.204029734,0.186838159,21.41435372
20190710,0.227238563,0.211484926,0.204358542,0.187503525,21.55847511
20190711,0.230030895,0.214576069,0.209966674,0.191234545,21.81151363
20190712,0.225223136,0.216016415,0.212378278,0.193986989,21.78356078
20190715,0.24137856,0.216699429,0.214964136,0.196026467,21.98072761
20190716,0.245066609,0.219603896,0.216839931,0.196600095,22.22561132
20190717,0.240541525,0.216589812,0.213497344,0.194243404,21.86025452
20190718,0.215735047,0.213385536,0.193416818,,21.78362055
20190719,0.223789252,0.217882103,0.196537748,,22.84593889
20190722,0.21284434,0.211156539,0.19349356,,21.37530014
20190723,0.202881976,0.202684714,0.187331723,,20.29720896
20190724,0.194574864,0.195834526,0.18310075,,19.41003829
20190725,0.183692165,0.188568485,0.17563729,0.158786187,18.22275423
20190726,0.185843826,0.189309185,0.176536629,0.164996901,18.50802657
20190729,0.192466785,0.190211479,0.175690084,0.165604772,19.24667846
20190730,0.194314442,0.191396668,0.177942744,0.168050971,19.4117837
20190731,0.198725912,0.193217383,0.177762883,0.167811677,19.80002963
20190801,0.17672464,0.17734583,0.16589537,0.156476647,17.68468321
20190802,0.182150278,0.180482285,0.167062151,0.158096567,18.17228276
20190805,0.200279325,0.190837154,0.168363837,0.158026929,19.63218981
20190806,0.213056505,0.198608818,0.172209175,0.161114168,20.63028798
20190807,0.20518417,0.192119181,0.168943882,0.154698181,19.84323374
20190808,0.199380587,0.189926648,0.167052637,0.156562303,19.40347471
20190809,0.194274117,0.18495628,0.165471128,0.153794413,18.85936945
20190812,0.200842108,0.188537365,0.169409704,0.158230309,19.18957925
20190813,0.19658201,0.18711402,0.167288229,0.155935467,18.93541446
20190814,0.188527375,0.183668315,0.166365184,0.158483838,18.46503563
20190815,0.195080837,0.189367158,0.171504012,0.162558204,19.03519574
20190816,0.191090377,0.190961083,0.174830078,0.164193119,19.09795589
20190819,0.213643553,0.196138559,0.180415693,0.170707566,19.75052578
20190820,0.210339793,0.194589384,0.179178105,0.169984853,19.55235893
20190821,0.198781633,0.18693232,0.174070156,0.165951289,18.74409976
20190822,0.185472896,0.169945229,0.162070807,,18.8178019
20190823,0.187855998,0.174964139,0.166736912,,18.95448221
20190826,0.198932684,0.177783956,0.167745846,,19.89326844
20190827,0.190043464,0.175406813,0.16669282,,18.942386
20190828,0.189968591,0.175374699,0.166062175,,18.87412077
20190829,0.18529536,0.173705766,0.173661929,0.164054832,18.30767447
20190830,0.188065489,0.176249635,0.175892025,0.164742481,18.50991807
20190902,0.185724383,0.169589719,0.172971287,0.163836418,17.90448971
20190903,0.186380822,0.171650229,0.173228875,0.163652839,17.95170675
20190904,0.181915709,0.168663307,0.17251862,0.162034676,17.50833168
20190905,0.190191398,0.176231892,0.180417508,0.16948064,18.23454422
20190906,0.19437645,0.18626904,0.188306017,0.170965333,18.94275975
20190909,0.208931923,0.196502277,0.194993703,0.174790159,19.98924358
20190910,0.205003493,0.19228779,0.192323558,0.178579369,19.53134458
20190911,0.201124776,0.19281093,0.19305205,0.179475661,19.45021308
20190912,0.188329097,0.186752305,0.189522961,0.176545883,18.70216737
20190916,0.201933257,0.184726373,0.191532822,0.173673852,18.60720919
20190917,0.201713507,0.177901945,0.184756261,0.173266002,17.93477898
20190918,0.194818003,0.176213848,0.182602215,0.171140681,17.70280601
20190919,0.175806652,0.182511046,0.170838338,,17.43984164
20190920,0.170046696,0.183991927,0.173214088,,16.78199961
20190923,0.168179192,0.179359551,0.170001365,,16.81791921
20190924,0.164432184,0.174253049,0.166135131,,16.49237778
20190925,0.165908026,0.174328483,0.165617784,,16.6737389
20190926,0.169293609,0.166521785,0.173013555,0.164446413,16.88059173
20190927,0.17313844,0.174365525,0.177239088,0.166805137,17.34243658
20190930,0.177137529,0.172639671,0.178518673,0.164952102,17.54120339
20191008,0.16619805,0.161032266,0.168549603,0.158436066,16.25249593
20191009,0.162307974,0.15268975,0.163663797,0.155372609,15.51827587
20191010,0.163707505,0.154104188,0.161710007,0.154674221,15.62954611
20191011,0.163623379,0.159198489,0.167107673,0.158870568,16.00677562
20191014,0.153248199,0.14836041,0.157532369,0.150740908,14.89554135
20191015,0.145426763,0.144045823,0.151723492,0.147332407,14.41831923
20191016,0.1516566,0.142780907,0.14813944,0.144507236,14.35111647
20191017,0.146162587,0.151700607,0.147520777,,14.09716122
20191018,0.149896488,0.155463757,0.149383041,,14.52334265
20191021,0.14492832,0.150662751,0.146847634,,14.17253244
20191022,0.142394235,0.148181074,0.145025512,,13.96689904
20191023,0.144432368,0.147147852,0.145328007,,14.34008044
20191024,0.141239007,0.143728591,0.141033433,0.136006056,14.04955518
20191025,0.137973749,0.141796074,0.138663002,0.134791378,13.71268947
20191028,0.139498837,0.142438471,0.13640956,0.129636224,13.94988371
20191029,0.14148432,0.143029981,0.136510928,0.1330808,14.15897378
20191030,0.144063381,0.143626281,0.136277097,0.1327143,14.40051773
20191031,0.145143527,0.146122332,0.138661878,0.13486708,14.53363125
20191101,0.134843865,0.144304255,0.139488362,0.132378429,13.73387914
20191104,0.134982832,0.140534347,0.137144939,0.133745752,13.73696421
20191105,0.137170081,0.142456093,0.138584321,0.137721303,13.97121746
20191106,0.134670964,0.139918282,0.13650597,0.136187039,13.74507861
20191107,0.136810163,0.142081,0.13771048,0.13734611,13.98463974
20191108,0.138820431,0.144684451,0.13998834,0.136714267,14.24581618
20191111,0.153247023,0.149510192,0.139968606,0.135661494,15.05157519
20191112,0.14693122,0.145213017,0.136644731,0.132262177,14.56136926
20191113,0.15031759,0.147523312,0.138273967,0.133586553,14.80863861
20191114,0.151610048,0.150745563,0.140214483,0.135175976,15.08930813
20191115,0.147931028,0.150759279,0.141501622,0.137188224,15.03585006
20191118,0.141601065,0.142224157,0.136684145,0.133246232,14.217752
20191119,0.136724216,0.133846257,0.131285227,0.129712376,13.40123769
20191120,0.141296584,0.134625217,0.130586428,0.12750335,13.49097773
20191121,0.135894389,0.128953066,0.127148439,,13.71276297
20191122,0.141121049,0.13081017,0.128283142,,14.246829
20191125,0.140568658,0.130637255,0.1287584,,14.05686583
20191126,0.141887323,0.131186195,0.128662987,,14.14339575
20191127,0.139074651,0.131152796,0.128296217,,13.84020711
20191128,0.134294337,0.129708998,0.129379541,0.12785092,13.34060849
20191129,0.14004493,0.135209258,0.133419888,0.129029628,13.88175606
20191202,0.134577588,0.132450401,0.130558402,0.124622256,13.36776697
20191203,0.133683394,0.131790334,0.130005465,0.123924076,13.2785303
20191204,0.133923836,0.132123761,0.130472489,0.124655141,13.29818347
20191205,0.13031224,0.128008257,0.125200918,0.122795634,12.90007168
20191206,0.126575115,0.124715712,0.123124909,0.121622455,12.54339583
20191209,0.132432432,0.127036946,0.124892702,0.124683439,12.84978961
20191210,0.131668009,0.12687783,0.126886405,0.125934214,12.80058129
20191211,0.129536997,0.12403078,0.127451293,0.1236892,12.51514049
20191212,0.132066116,0.12631513,0.128318777,0.127391353,12.73125166
20191213,0.149837378,0.139879924,0.134800038,0.130510451,14.13453719
20191216,0.140105508,0.136503882,0.133770285,0.131920089,13.67772939
20191217,0.146272714,0.140809943,0.136222837,0.132451927,14.11277978
20191218,0.15707282,0.144567389,0.139612541,0.136129492,14.51099674
20191219,0.150298001,0.145501327,0.140503343,,15.12638977
20191220,0.148440443,0.147448435,0.140397659,,14.85910248
20191223,0.1464082,0.141485436,0.138413908,,14.64082003
20191224,0.138370877,0.140559362,0.134566973,,13.84782069
20191225,0.138726346,0.140861886,0.136529756,,13.89334184
20191226,0.136724623,0.131777352,0.142002154,0.137939977,13.58613792
20191227,0.139425248,0.135241889,0.14317226,0.13969006,13.84643879
20191230,0.146738599,0.141112697,0.1488609,0.146529945,14.45892092
20191231,0.147624135,0.149252785,0.154967054,0.153823076,14.83336313
20200102,0.147829491,0.156153733,0.161410463,0.1531825,15.22465822
20200103,0.144735696,0.150741693,0.157581358,0.156840049,14.81632846
20200106,0.159137843,0.155415552,0.164577482,0.160697819,15.66163104
20200107,0.159184379,0.156913577,0.167633485,0.163148292,15.75657174
20200108,0.164983226,0.160161701,0.169271396,0.161286735,16.13967774
20200109,0.152792389,0.1531419,0.166989015,0.162265709,15.30640782
20200110,0.145856246,0.149651457,0.165178622,0.160986114,14.89216722
20200113,0.141592495,0.151339493,0.166494482,0.159717572,15.02032528
20200114,0.143188605,0.141735891,0.163412122,0.15841676,14.1880443
20200115,0.151126191,0.143392625,0.158432153,0.156079614,14.40265926
20200116,0.137715842,0.150984311,0.149564861,,12.45167634
20200117,0.132534593,0.148239481,0.150433045,,11.83038569
20200120,0.137490881,0.15266656,0.154139734,,12.85247133
20200121,0.158954219,0.164680739,0.157339197,,15.62665033
20200122,0.151443084,0.164173369,0.157074964,,14.63840841
20200123,0.168391742,0.174814849,0.16311553,0.156405725,16.64480115
20200203,0.107242744,0.16654135,0.144697565,0.123034127,13.56498714
20200204,0.223637483,0.206037686,0.175488832,0.162181708,21.5436019
20200205,0.20004982,0.191753646,0.167041329,0.156242714,19.57381773
20200206,0.200319981,0.192856669,0.16987491,0.159691851,19.60900169
20200207,0.216962568,0.20444887,0.177927973,0.165379784,20.93492164
20200210,0.212507149,0.2032036,0.175572775,0.163211888,20.57256894
20200211,0.19329679,0.189172742,0.167904348,0.157133003,19.01380826
20200212,0.184062257,0.183028849,0.166364299,0.156939114,18.32359965
20200213,0.189767407,0.186004753,0.169002456,0.16092147,18.66506576
20200214,0.180104157,0.178781048,0.167772797,0.160237677,17.89706622
20200217,0.186597143,0.179695362,0.167559016,0.159379817,18.02221641
20200218,0.189261888,0.181337402,0.169600852,0.162651958,18.17995357
20200219,0.182689224,0.185850824,0.172173038,0.164243197,18.57201654
20200220,0.187403642,0.175184363,0.166077904,,18.95562815
20200221,0.198072856,0.18345718,0.175117569,,19.99817649
20200224,0.216019763,0.192528164,0.180463599,,21.60197631
20200225,0.220363168,0.19242374,0.180080168,,21.92098984
20200226,0.227875573,0.196840417,0.183379897,,22.53400831
20200227,0.199555547,0.19409857,0.183010333,0.172848494,19.8495481
20200228,0.232159307,0.198070849,0.192139997,0.176940889,22.3889966
20200302,0.209433606,0.198320525,0.183640652,0.170967476,20.4784248
20200303,0.205529521,0.195896271,0.180159606,0.16916296,20.09998475
20200304,0.207073889,0.196133505,0.183656247,0.171928597,20.14043012
20200305,0.212692633,0.201449849,0.187772212,0.176393862,20.63432074
20200306,0.227530984,0.213955767,0.192485321,0.180730811,21.92752348
20200309,0.292936556,0.253413994,0.213565501,0.193068365,26.45313441
20200310,0.28862093,0.251097674,0.21352109,0.193873382,26.02909886
20200311,0.289640965,0.250698985,0.217731485,0.195574555,25.89562951
20200312,0.314446549,0.274221195,0.228819764,0.20408302,28.14753883
20200313,0.396563409,0.311757959,0.242599374,0.210553072,32.52297398
20200316,0.42708332,0.299796896,0.253453424,0.21288307,31.11548294
20200317,0.422013342,0.339786459,0.259711455,0.214722586,34.50134638
20200318,0.364596186,0.281104493,0.22022178,0.196516313,28.50719433
20200319,0.3109588,0.242888105,0.215048388,,32.31640435
20200320,0.294647928,0.23573738,0.200756184,,30.26195435
20200323,0.332666057,0.257305483,0.215157155,,33.26660569
20200324,0.308135763,0.244676249,0.208712703,,30.53522442
20200325,0.30473856,0.239581975,0.205690142,,29.90824952
20200326,0.306041543,0.249874401,0.240659348,0.20426171,29.68674457
20200327,0.309146355,0.262481525,0.240161936,0.207049828,29.8952715
20200330,0.311929058,0.25332875,0.240052924,0.207225274,29.06745289
20200331,0.299137519,0.244763697,0.23559728,0.202303368,27.68387522
20200401,0.284617062,0.236053088,0.230152694,0.198472561,26.24303385
20200402,0.265298725,0.237543608,0.224336501,0.196172738,25.11431731
20200403,0.278521134,0.243078619,0.228032103,0.199680408,25.90671172
20200407,0.268904458,0.222211384,0.216856865,0.190745516,23.64948538
20200408,0.252922345,0.219476278,0.209093773,0.185262298,22.84129413
20200409,0.241150949,0.21121106,0.202292507,0.180679383,21.82393528
20200410,0.23312782,0.205916241,0.200483078,0.179668448,21.14772933
20200413,0.225061918,0.194451869,0.190628274,0.173368234,19.83746204
20200414,0.214471328,0.187432146,0.185957867,0.171105248,19.02818269
20200415,0.219057651,0.193613382,0.191768872,0.174653203,19.57706586
20200416,0.191223879,0.191392715,0.175690367,,19.10711949
20200417,0.192688998,0.190728879,0.174676716,,19.42612767
20200420,0.195776976,0.193039265,0.174921477,,19.72440379
20200421,0.19466485,0.194862271,0.1764636,,19.45745341
20200422,0.192614537,0.193636523,0.17503915,,19.22298911
20200423,0.186913057,0.189037977,0.17400431,0.145391003,18.62810653
20200424,0.183702028,0.186775235,0.172395063,0.144047915,18.30256629
20200427,0.179030237,0.179613506,0.164573012,0.154719923,17.90302372
20200428,0.176877827,0.178128576,0.162648909,0.15196592,17.69629791
20200429,0.185126657,0.184427571,0.167428888,0.154561095,18.50335978
20200430,0.203340252,0.197387998,0.175327465,0.16177179,20.21848891
20200506,0.196386174,0.192109043,0.171086348,0.157746346,19.41524295
20200507,0.182192957,0.183669619,0.165909214,0.15457451,18.30382227
20200508,0.173949295,0.176797914,0.163840102,0.152057911,17.5708017
20200511,0.178939614,0.178006899,0.162960518,0.150126135,17.83
20200512,0.179157216,0.179808267,0.16328156,0.151495503,17.97
20200513,0.176032241,0.178875727,0.161689055,0.152475678,17.83
20200514,0.177085806,0.177774207,0.162118022,0.152193409,17.77
20200515,0.172754043,0.175202636,0.162090609,0.150944973,17.49
20200518,0.170288626,0.170144874,0.156824485,0.148109464,17.02
20200519,0.165873478,0.164870623,0.154007514,0.145388461,16.49
20200520,0.173002712,0.165209778,0.154841927,0.145416473,16.55
20200521,0.172979128,0.159733245,0.149311518,,17.53
20200522,0.197430805,0.167649709,0.148773433,,20.11
20200525,0.178620485,0.158803788,0.146864239,,17.86
20200526,0.173332263,0.156762838,0.146257638,,17.26
20200527,0.180449501,0.162082773,0.149557877,,17.89
20200528,0.185155413,0.173867538,0.167188352,0.153287627,18.3
20200529,0.190067063,0.176550435,0.167820862,0.154062718,18.67
20200601,0.1720955,0.162049137,0.162040678,0.150767943,16.79
20200602,0.168955459,0.165526469,0.160899923,0.149641212,16.73
20200603,0.175775432,0.171449741,0.164348879,0.15313027,17.35
20200604,0.180567459,0.171241341,0.163864989,0.151300554,17.53
20200605,0.172090665,0.167978043,0.161819292,0.151695308,16.96
20200608,0.177946987,0.165112735,0.160576843,0.149319536,16.86
20200609,0.177570597,0.168309675,0.163517535,0.151500684,17.05
20200610,0.182014583,0.171125875,0.165280521,0.152713448,17.34
20200611,0.187119326,0.17649132,0.16672783,0.152910521,17.83
20200612,0.179698749,0.174014923,0.166818132,0.154076271,17.48
20200615,0.205253149,0.187813903,0.170687724,0.15489281,18.92
20200616,0.175047997,0.170605719,0.163703543,0.151729854,17.09
20200617,0.174107228,0.173519182,0.166942128,0.154368832,17.35
20200618,,0.176427222,0.167778164,0.15553078,17.82
20200619,,0.178825737,0.170754459,0.157774758,18.00
20200622,,0.189971601,0.179331664,0.164074052,19.00
20200623,,0.194285197,0.181281948,0.165872074,19.37
20200624,,0.188294183,0.177594516,0.165126617,18.73
20200629,0.187354216,0.169197044,0.174934968,0.160977179,18.06
20200630,0.176272458,0.166614002,0.169279658,0.15732073,17.21
20200701,0.18509786704842807,0.1745427794197164,0.17437646040525367,0.15617382023114848,18.010863912507087
20200702,0.228135424972759,0.20364586356381675,0.19446434405776225,0.17529493474938246,21.565467728006986
20200703,0.25369666688633713,0.21929570819990035,0.20922588732492553,0.18617170140882555,23.48553605195785
20200706,0.361845322429635,0.2817355867114151,0.24335419401832398,0.20402390905626727,30.963399637942096
20200707,0.3455345868484726,0.2846962894157558,0.2561710825145794,0.2249447530262216,30.332636535882983
20200708,0.3635020237264953,0.3013735299656545,0.27378162837399495,0.23330034894340043,31.826188292858465
20200709,0.36297261792401325,0.3059593039676304,0.27783345111518654,0.23677470186241062,31.954722205211716
20200710,0.33742741218860167,0.29837555397216425,0.2754906675922739,0.23517928432714608,30.635265140711564
20200713,0.31700087938801336,0.2753150813557672,0.25808435248346756,0.22572738703244907,28.06444969053084
20200714,0.32078768554896636,0.2757827210232133,0.25540224664566064,0.22464443355667352,28.056265269928897
20200715,0.3242407988993449,0.2801670100192832,0.25864609818862594,0.22536561368734587,28.394477786457763
20200716,,0.2935128298516003,0.2599705233365317,0.22205203683236463,32.081876924661394
20200717,,0.2619461660627735,0.24246838801409834,0.21111773617088941,27.671151752965283
20200720,,0.2672285406345595,0.24533943340851302,0.2133755041971949,27.83673943572815
20200721,,0.2568435007801242,0.2413397353425733,0.21188116641892663,26.362743694512197
20200722,,0.25534736398826585,0.2441293905781216,0.21217291395108295,25.94290753802424
20200723,0.2640565900597659,0.24881782327009214,0.21637697530860434,0.19631522258033596,26.839027145203058
20200724,0.288676976340614,0.2620654983800584,0.22159626524595563,0.196930575507689,29.415527612537563
20200727,0.2789633369144441,0.2581652020403515,0.21841690115541523,0.20112602705273255,27.896333691444408
20200728,0.2749925066662241,0.2560604061879141,0.2182700054404681,0.19962077907836906,27.374924035978687
20200729,0.2820239187954503,0.2614173014520551,0.2236278286665813,0.20610445137433098,27.936420565784793
20200730,0.284549603916217,0.2645504274842084,0.22653180655866623,0.2084704861767943,28.07336588712775
20200731,0.2943627700390593,0.27244178899257154,0.23169062393479706,0.21205312974621635,28.888486117270357
20200803,0.30600485636575786,0.28074452379898573,0.2343386583936037,0.21320975930321984,29.553314740819992
20200804,0.3054726823438128,0.280355560563046,0.23515940594629386,0.20766641066828057,29.378008941154484
20200805,0.30602073466818835,0.27948999103272654,0.23329062409497947,0.21142531937599862,29.239241045755794
20200806,0.3073424827788161,0.2812908037077443,0.23418239197738552,0.21128934342346103,29.273983333917496
20200807,0.2957625711477311,0.27713629486434155,0.23193666613073466,0.2112467568384055,28.444290982819552
20200810,0.30253402819085723,0.27862346547299216,0.2303902166456839,0.2085828676251589,28.519569228718744
20200811,0.2923586375650041,0.27087922244238377,0.22417522848057747,0.20445163834069477,27.601453228944557
20200812,0.2894963430501927,0.2671559717529408,0.22280293681137311,0.20406384528445015,27.17710012538009
20200813,0.28470841975157457,0.263824626017795,0.22049461676059626,0.20179396356010995,26.749502322293868
20200814,0.2810561963222952,0.2608371175936904,0.2199191038493772,0.20047911889974973,26.38204467811569
20200817,0.32704080340390146,0.288334390940294,0.23528990040962133,0.21302708611974008,29.14157570479369
20200818,0.31184017754586907,0.28597363616194205,0.23452119610635871,0.21175063413198597,28.751442059701045
20200819,0.28897122883508336,0.27572780803217545,0.22759524136185746,0.20639270821129194,27.629229132581877
20200820,,0.26881684293390773,0.22449437922614648,0.20517297865720174,27.61648627982403
20200821,,0.2690964367799213,0.22405958433273565,0.20576593253853492,27.4662222439746
20200824,,0.2660271217196244,0.22094758706000298,0.20264253411538496,26.602712171962438
20200825,,0.2625263079266471,0.2218232167448262,0.20069551490272536,26.087063828629915
20200826,0.27141298222632976,0.2230110192279756,0.20293427403533965,,26.754197161056116
20200827,0.2573397938398801,0.23004816335480288,0.2202804303839928,0.20155150278859435,25.272016922643843
20200828,0.264745217414734,0.23215711857052806,0.22750687089920954,0.20740680155790311,25.75404076581611
20200831,0.26696950008567366,0.23821512831611666,0.22753610490422269,0.20724826919938608,25.62340548872456
20200901,0.26817819174616875,0.23847444308407642,0.22860475177383247,0.20813113154487053,25.57024975644272
20200902,0.27373786569833336,0.24473406585709423,0.23213625721376452,0.21120169810865747,26.021979973963226
20200903,0.2742574057945962,0.24847505175511522,0.2353814885622374,0.2137493956314099,26.1070106541701
20200904,0.272811193949811,0.2483211017573851,0.234801052245195,0.21305418784564784,25.924115195360464
20200907,0.2837904260751054,0.25274853947461406,0.23751904170759452,0.2130704292129369,26.308075254312907
20200908,0.2751777337510682,0.24988596896754386,0.2380002640673951,0.21366665018630654,25.736593118387148
20200909,0.28758113280108205,0.2585387553359643,0.24258772354445302,0.21568892305103443,26.61960024622813
20200910,0.26613530007362096,0.24534082326767517,0.23302373084208713,0.21029791159628747,25.012477092445135
20200911,0.24123277947818694,0.2378717573168817,0.2292015040446429,0.20758925969861564,23.852846269712323
20200914,0.2301295198872602,0.2254465353841515,0.22355080731978372,0.20332765333456448,22.60136168232708
20200915,0.21951410451090358,0.22147855339023523,0.2203361223952113,0.20171837742204635,22.12847575260517
20200916,0.21186527551676704,0.21425624380107644,0.21511000817702167,0.19803686481619281,21.40659491014632
20200917,,0.2150102650544634,0.21569384473899675,0.19871770503323552,21.45749798106462
20200918,,0.22831223339625703,0.2250254636172339,0.20778839881311573,23.016931593864676
20200921,,0.2323577892616256,0.22633231327711434,0.20669295890945374,23.46510704896897
20200922,,0.2342558479532784,0.22684151228259217,0.20610857175873945,23.66412886613635
20200923,0.22792241390223006,0.2239198139959281,0.20342444243259428,,22.899441186779733
20200924,0.23966593425676877,0.23617910406693274,0.2295211079519018,0.20758508812024828,24.06857211967005
20200925,0.24303341257605238,0.2431807400358784,0.23622152904834656,0.21071576103834105,24.300130438717442
20200928,0.25555915083321634,0.25569167654970903,0.24357509019799634,0.2168432202953414,25.555915083321633
20200929,0.2674309338759286,0.2636534552115557,0.2483481272775678,0.2195543463009984,26.717629406725823
20200930,0.2751554898313736,0.2597939299622945,0.2431226711972553,0.21388298618318874,27.315720000114318
20201009,0.21620445572893796,0.22869680415246382,0.22883938489749953,0.20717083465282904,22.39756641525494
20201012,0.24205914260192832,0.24071936337936053,0.2403547552011331,0.21641539634382587,24.107736587136415
20201013,0.23232825724025916,0.241853356510917,0.23684404876358808,0.2099236426445288,23.967591320850428
20201014,0.22261987431816013,0.23461681994902853,0.23243660709194042,0.21033954236075372,23.226700895883294
20201015,0.2228152909080459,0.2399119346140602,0.2357173303886317,0.21347560153853365,23.708852513957254
20201016,0.21639960620733711,0.2386558947079826,0.23610001658321628,0.21266229467743575,23.560518004246507
20201019,0.21975250355938836,0.22798294513964598,0.23132928112022932,0.20974653260424664,22.737599640353913
20201020,0.21481331732849035,0.22140113185172772,0.22674440198042975,0.20650345934291692,22.102997480728412
20201021,0.2146857805022955,0.22317691888020624,0.226798102040878,0.20678098693968977,22.282958156867597
20201022,,0.2248380648520162,0.22791286463141522,0.20860553117091932,22.39221940864386
20201023,,0.22895048287824044,0.2301847444364291,0.2097624571437288,22.868070644634695
20201026,,0.22868987825151163,0.22734407621183206,0.20577637831533968,22.86898782515116
20201027,,0.2300146209597981,0.22391296927690818,0.20519469218660583,22.960570851092907
20201028,,0.22598428347025223,0.22273234396775743,0.20254947612953034,22.555340047404382
20201029,0.22278483810155997,0.22375438590238766,0.20393670507881648,0.19547272653483527,22.29756177122658
20201030,0.2316679613334005,0.22663057616920548,0.20645549051682596,0.19267789305499505,23.038315380567944
20201102,0.23946114488219808,0.23255664357259498,0.2084948200610002,0.19698400477915903,23.655135752498374
20201103,0.23811782923903876,0.2340909299805581,0.20989232495516266,0.19782921404687118,23.620882020629622
20201104,0.22069639343099387,0.22224891016366455,0.2036672210485122,0.19102537224895771,22.15128214597962
20201105,0.21535849250127329,0.2175589743224394,0.20267461863524344,0.19285931640973814,21.661864782878236
20201106,0.20968241340688765,0.21416638975155475,0.2002991471525951,0.19154721413931433,21.245339307675593
20201109,0.22349454257797963,0.2241945066146423,0.2027727818106721,0.19366956019229808,22.40080633975145
20201110,0.2200969284198715,0.22220706644129118,0.20258056002264666,0.19289946349317527,22.171900286194436
20201111,0.21425252946688822,0.21720733105979864,0.19878593458006152,0.18974267705571776,21.66195951650929
20201112,0.2050354634706584,0.2118934432304407,0.1981515252251879,0.18957927275489286,21.074171680076947
20201113,0.19342098017848658,0.2061216743723997,0.19431718775603124,0.18677253353838025,20.435562261120616
20201116,0.20066870998873973,0.20390682818498762,0.19429616950719286,0.1863443638999838,20.366575515920264
20201117,0.19965343876237066,0.2005874522264912,0.19236634221162166,0.18422283488959318,20.05341972199591
20201118,0.21095800663492892,0.20580490702165233,0.19566904207515542,0.18747614504058632,20.602219286905463
20201119,,0.2102378431976485,0.19821759988557194,0.18953533817984994,21.236565013804213
20201120,,0.20089095532485476,0.19376109120594684,0.18670739972870862,20.184300072058107
20201123,,0.21432164281741076,0.2005805400875997,0.19020546097828547,21.432164281741077
20201124,,0.20767253603675603,0.1985204394146982,0.18949695052082677,20.727873713316256
20201125,,0.20368102696741497,0.19680826904255147,0.18914181886164225,20.309111790924298
20201126,0.19396315570882194,0.1883128025797851,0.19229119041757,0.18546619084759144,19.29742942366396
20201127,0.20006445752809082,0.19282789938988187,0.19186276297045887,0.18228195550126208,19.840636164647968
20201130,0.20901677540442293,0.1975216152024871,0.19570568903707988,0.1865164152085703,20.46485584643449
20201201,0.23754755036139574,0.21555596082360773,0.200831491765771,0.18788986177392633,22.82573399893578
20201202,0.24427940399298875,0.2232932239362699,0.20657037125956415,0.1938737036590548,23.444060399746846
20201203,0.2402113133737201,0.22326469379171945,0.20811102535305892,0.19481794271277927,23.148928897984607
20201204,0.22964804981727785,0.21973552251472422,0.20578409734990724,0.19275406817706947,22.409425977575808
20201207,0.2197459513118263,0.20755507833685033,0.1978664182897719,0.1893137705703439,21.15326115927839
20201208,0.21175891264014018,0.19905605566648996,0.1952658933654333,0.18685942176068504,20.276666415667215
20201209,0.19981933308837074,0.19529569468604605,0.19252117121768464,0.18417550369525829,19.645153498897862
20201210,0.1906559484691036,0.18741784423026067,0.18882904902887465,0.18013259542515905,18.814430495863494
20201211,0.19481799811750702,0.1926401938265673,0.18861224813802818,0.18151006593597327,19.306523286052034
20201214,0.19574580510599981,0.18401015026885945,0.18603728505928482,0.17847531926031476,18.545764362711925
20201215,0.1911320436099179,0.1849906676470293,0.18609754762950914,0.17842614349936964,18.56080232615969
20201216,0.19864589442170916,0.1842783586007683,0.18582931358758986,0.178269267199055,18.546872427003418
20201217,,0.18806322955246715,0.18871867317684313,0.18022174484747544,18.764575603214674
20201218,,0.18149401785107133,0.18606338630767066,0.178009272914384,17.883053781078615
20201221,,0.19325004328122009,0.19015390735032475,0.18302133570644538,19.44365427148084
20201222,,0.19304945290487618,0.1911940617296002,0.18284911027186726,19.365520151930802
20201223,,0.19123284430214696,0.1910598536064666,0.18384155765893478,19.12796690250311
20201224,0.18396123395308178,0.1801631928614211,0.18826951857204627,0.18178686882135855,18.506765772710924
20201225,0.18263895434657723,0.1790413271986648,0.18666957339704962,0.1810243997477318,18.34133619853173
20201228,0.1860610790973189,0.18096420239699373,0.18836746165754445,0.18261688594991216,18.60610790973189
20201229,0.19051615310684406,0.18535483759951935,0.19204729170496287,0.18549659684171585,19.017035126252956
20201230,0.1927109208542481,0.18428147412537513,0.1932608013302832,0.18594312073196353,19.1608421983663
20201231,0.2029981299658659,0.19692294539279026,0.19730845699327815,0.1831316073203385,20.18192236205827
20210104,0.21251918753201166,0.20099109534889187,0.2016903225158425,0.18521463836525864,20.769794555769145
20210105,0.21081958755696034,0.19926458324140106,0.19750065953692783,0.1840303594084771,20.5398291922495
20210106,0.23270446749639997,0.21108438880687244,0.20729862817651987,0.1943362431846693,22.161706939111593
20210107,0.2707010394088472,0.2307931076077288,0.21727410698009272,0.19568129172106974,24.868195186624032
20210108,0.2655589989705912,0.23891142514089006,0.22817330964988816,0.20498552305285905,24.949506835058454
20210111,0.23665855379919054,0.22304243200431098,0.21975431890662062,0.1975747057658461,22.67533572796181
20210112,0.2584693332426833,0.23150976771457688,0.2186745259420651,0.19284216074122557,23.804052665467605
20210113,0.25021567315879256,0.23138748302675943,0.22286044583371228,0.1997602847338589,23.527369266458297
20210114,0.23602885902920961,0.23004694395222888,0.2217950284180739,0.19920859021685847,23.107623122214875
20210115,0.2091872341721687,0.21566564352718662,0.2142541902856002,0.1945201008744173,21.47521221343924
20210118,0.21546269683288313,0.21810110652077627,0.21606276313766748,0.19626521012693574,21.790433392926214
20210119,0.21319620105135628,0.2197416115105145,0.21927279972407207,0.1978898874956564,21.937284912419315
20210120,0.19931425062942298,0.2182413936787764,0.21744324080666752,0.19781312563223521,21.748565149468536
20210121,,0.22725945571270983,0.2223236263334909,0.20015470766493412,22.869633326366095
20210122,,0.21769194509010817,0.21543142063615228,0.19820247597833285,21.818130952702866
20210125,,0.22684330034743774,0.22157219471586842,0.2001522060996466,22.684330034743773
20210126,,0.22366484254312868,0.22131747847476563,0.19997645983848436,22.35063368104474
20210127,,0.2194557864593763,0.21976683323002738,0.19870020821866521,21.94972848294413
20210128,0.2330828492279939,0.23291922366531334,0.20521890341935284,0.18942042609102058,23.305071755920437
20210129,0.23490114168313753,0.23626745232034008,0.20854231819232866,0.19060805877852133,23.525323660737378
20210201,0.2364018552960337,0.23772628035267981,0.20835012490973048,0.19137709116350385,23.69656404210225
20210202,0.21323956436837502,0.22732207713116592,0.20246621280961796,0.18706087575620722,22.005794663748556
20210203,0.19927289803245338,0.2175705587955555,0.19950179262197495,0.18624938680403105,20.907893121149336
20210204,0.2043880778081847,0.22693825747520638,0.2042157495539831,0.18879043457547023,21.756028716982133
20210205,0.20423249658317444,0.2325466983605547,0.2084516494260247,0.1922591254807984,22.20867850697076
20210208,0.20712051990555708,0.23067224961026644,0.20570724460540646,0.18443105920386796,22.463335953009665
20210209,0.20461295777007268,0.22753230085775783,0.2056606376118501,0.19043582094475595,22.242232887822375
20210210,0.22516795510690993,0.23196435743334973,0.19972670611900392,0.1819583637292079,23.062110071929443
20210218,,0.23246331530524592,0.2013407537043785,0.1873512077961311,23.772236069830928
20210219,,0.21447236610401907,0.1938665427737388,0.1828711685154396,21.712885718322244
20210222,,0.23129384428252095,0.19999371955208586,0.18689692593287996,23.12938442825209
20210223,,0.22843320478692752,0.20157718118369594,0.18834899117980702,22.73193973917174
20210224,,0.23929885583095845,0.20848397064387972,0.1942611560946021,23.67720571028501
20210225,0.2247143742504581,0.21751303868554706,0.2057450416240542,0.19138224217855648,22.345562398948054
20210226,0.2524335796439035,0.23149113659665563,0.21663259174892552,0.20013467766370338,24.77249121044685
20210301,0.23923255561277043,0.22674543767236646,0.210952655961624,0.19681156755059914,23.448306924644697
20210302,0.23237561382762614,0.22482810407728082,0.21229825144761136,0.1984198800767904,22.912838035080018
20210303,0.23068793305199195,0.22212503943068887,0.21018303497154533,0.19713686361579866,22.661812722114046
20210304,0.25437591458114234,0.23619466303829056,0.21936688468794163,0.20212176191157072,24.50207150149723
20210305,0.26354898469012805,0.24251914139033587,0.222659000480271,0.2043654364580968,25.186789028378538
20210308,0.29813573495137485,0.2475585653036513,0.23138854980982432,0.19927254470590952,26.47964098682917
20210309,0.28980337090343583,0.24730648296667848,0.23139950449389055,0.20335985985263894,26.015777360251686
20210310,0.2705555584314748,0.24682874189846007,0.22548373130182647,0.2077857339328045,25.305003068134084
20210311,0.24306805792250707,0.23092127016847258,0.21647058464501437,0.20184380659692713,23.36829505451786
20210312,0.22375061698656015,0.22067767643349834,0.2123849708638647,0.2000735935854831,22.127804502792838
20210315,0.24425539928274814,0.22591153005066017,0.21327668541789624,0.19988872951033004,22.819066828006715
20210316,0.23442050882248097,0.22025715354177997,0.20914642767722982,0.1987931896286276,22.170037597483212
20210317,0.24314869942648898,0.22178605827636744,0.21304809198708596,0.20121683441690216,22.35702001536212
20210318,,0.21887723792312427,0.21004905576236446,0.2000186863531822,22.430383885408876
20210319,,0.22611945611239498,0.21067027889854828,0.19739766816431015,23.449100717251095
20210322,,0.21905540154371064,0.20968207523262256,0.20228521252246723,22.25814766568142
20210323,,0.2114582117668008,0.20565370730179197,0.19878634900474354,21.33309372974865
20210324,0.2169287273690552,0.21033649438744692,0.19557510536258704,,21.86799272009695
20210325,0.20874604650920578,0.20353665465762608,0.2073226926600575,0.19212143905077983,21.025938084395275
20210326,0.198679167713191,0.1988143959160367,0.20082446869743933,0.1937713728324388,19.864969507134166
20210329,0.19908534997308702,0.20060237423003072,0.20143874068226564,0.19472779755754066,19.908534997308703
20210330,0.19901940664110493,0.20086967167314254,0.2025577830114729,0.1957153112169301,19.914550402303988
20210331,0.19599282235668944,0.19763487019750875,0.20059471950073313,0.1952719820787552,19.62125560432534
20210401,0.18834005304049478,0.19126943044077138,0.19579422280220954,0.19278065051908683,18.891905136766372
20210402,0.1895382268487233,0.19319617294057062,0.19790327363567561,0.1926019095792863,19.048555074642096
20210406,0.1940223146447497,0.19282034006655602,0.19955365118469992,0.19475593110219425,19.345087721680663
20210407,0.1876657882768363,0.18698339259417704,0.19566248731322822,0.19228590566844406,18.730784052785616
20210408,0.1841929192752229,0.18368931118810644,0.19090850730752354,0.18870001737118075,18.39053120931026
20210409,0.1836903678883113,0.18237010171172005,0.19011345995572776,0.18585523778796656,18.287890337757215
20210412,0.1992221887460178,0.1894596751778465,0.1955866857893512,0.18398467220453313,19.21115258833545
20210413,0.1953370544083963,0.18950169792415447,0.19597891417837254,0.1843343175719335,19.087223493732314
20210414,0.19140155578978435,0.19026626109542388,0.1953066231174028,0.18467193417073655,19.049386132034698
20210415,0.19525337695375136,0.1899229721183076,0.19755082097811336,0.18573099940158572,19.084092585453927
20210416,0.19067715769971988,0.1876346338592707,0.19607259123141052,0.19109773951333628,18.80722936264743
20210419,0.20614779258372315,0.19167725211132486,0.19775916469039517,0.19356480107418816,19.280021974238746
20210420,0.19999710966870518,0.19269574045010546,0.19780669057939243,0.19327548209581213,19.31203980158453
20210421,0.20493107281831482,0.19518972390351472,0.1998918022844084,0.19498590048590844,19.560529942438315
20210422,,0.19503096451024107,0.2001214166216554,0.1962169242659638,19.350246620576048
20210423,,0.19548506873644028,0.199418990623603,0.1969053772694014,19.46174871255721
20210426,,0.20186214147135517,0.20280397697837987,0.19754174353285728,20.186214147135516
20210427,,0.1988523551563124,0.2017944981795885,0.19696181243655828,19.905337590780114
20210428,,0.1949430312247959,0.19835945138198957,0.19475278787772413,19.540200517660686
20210429,0.19283703719977138,0.1986751405442674,0.19376612057840287,0.183071089680688,19.399767383511968
20210430,0.18982200805819202,0.195043181915364,0.1915506296899019,0.17726481892832538,19.11782151837375
20210506,0.19178743192561773,0.18979045751799214,0.18723708865166996,0.174132088140349,19.06488650423021
20210507,0.19030141379507282,0.18899982892693934,0.1863049227588758,0.17879060280985132,18.95013771835166
20210510,0.1906483287957608,0.18647199795399863,0.1835279583785507,0.17621754270483286,18.75947773475198
20210511,0.19253546968740107,0.18909176783165582,0.1872899193077157,0.17950127307052424,18.989676465092913
20210512,0.1920951189469129,0.1921556022098448,0.18933627355258187,0.1806429666793328,19.214350708038044
20210513,0.19599933355301247,0.19369695886947566,0.18952810019603353,0.18133860471167584,19.409083973742955
20210514,0.19216823416021173,0.19450045210364586,0.19137463403844152,0.18130416536899488,19.41689931960558
20210517,0.2097382416647285,0.20253422337279106,0.19453704430830515,0.18369622517373782,20.308338931501524
20210518,0.20581544398727453,0.2003135374180436,0.19286691179408727,0.18327536310644885,20.06319965917733
20210519,0.18294931829082137,0.19755370293001756,0.19389713730493457,0.19077648125084257,19.405086985627857
20210520,,0.19382150211023505,0.19058312127796784,0.18310690690823297,19.44087676078374
20210521,,0.19200726203687027,0.18719048222392048,0.18155694178986898,19.26542914906172
20210524,,0.19292087823501894,0.18636294327982694,0.17887861917117887,19.292087823501895
20210525,,0.20926686072510872,0.19724198306693846,0.17865727880487567,20.875284961772252
20210526,0.21228048793001503,0.19759572348325546,0.18446643761876172,,21.104093876628436
20210527,0.22356521905567867,0.21004147771812734,0.20180700538606142,0.18092801989848728,22.122984461422543
20210528,0.22161286277064138,0.2131690024607503,0.200570721725673,0.18679370551071472,21.96796197124541
20210531,0.22980718349211327,0.21571239522260557,0.20359527757952547,0.18846588878479528,22.446217198800973
20210601,0.22607325319310287,0.21597680629026306,0.20469112218288774,0.19016612226215296,22.174498879991397
20210602,0.21216673495726693,0.20602635896115154,0.19990733121843848,0.18697254495356563,20.92418439541216
20210603,0.20452139459174054,0.20081090670132007,0.19615203925614907,0.18456977442737665,20.25862815843651
20210604,0.20421859566613612,0.20251379945018955,0.1983278201969476,0.18525932593172328,20.32559245850542
20210607,0.21708753110089046,0.205296170993966,0.1985000971066231,0.18540416541599206,20.91417483236825
20210608,0.2243292475133202,0.21090531325919745,0.2014347530563016,0.1878385231607647,21.48263346401945
20210609,0.21183657115007107,0.20490294568328027,0.1982067532750269,0.18605465500635754,20.668146457897123
20210610,0.202060067292694,0.19777894080300823,0.1947617656858446,0.18392890693417674,19.874100652141692
